hash,random,puf,shuffle,chebyshev,rsa,aes
3.114e-05,0.00429363,0.00365677,0.00398928,5.109e-05,4.31152,0.0012588,