hash,random,puf,shuffle,chebyshev,rsa,aes,FE_Gen,FE_Rep
3.1462e-05,0.00431472,0.00368067,0.00422146,4.6073e-05,4.31618,0.00128024,0.333586,0.1312,