Nums,feng,kar,pu,our
10,44.2044,1.39244,0.293829,0.063492
20,86.4441,2.78094,0.590097,0.128254
30,129.337,4.16629,0.877515,0.187895
40,173.73,5.58534,1.17038,0.248996
50,215.678,7.52592,1.56358,0.311968
