Nums,feng,kar,pu,our
10,43.2594,0.196308,0.408265,0.173626
20,86.3882,0.380534,0.81257,0.329672
30,133.198,0.575281,1.21874,0.493119
40,172.999,0.758198,1.62434,0.658443
50,217.091,0.944325,2.03472,0.820069
