Nums,feng,kar,pu,our
10,43.0746,6.05849,0.416435,0.186338
20,86.3311,9.79133,0.81702,0.355152
30,129.444,14.5702,1.20666,0.532169
40,171.805,19.5408,1.60743,0.718997
50,215.521,24.5304,2.01444,0.885353
