Nums,feng,kar,pu,our
10,43.1592,4.64281,0.37647,0.170505
20,86.114,7.05938,0.7492,0.33454
30,129.083,10.6234,1.12596,0.490852
40,172.032,14.1891,1.49692,0.654128
50,215.52,17.6426,1.87827,0.817192
